Horizon,Product,Store,Method,MAE,RMSE,sMAPE_pct
7,P0001,S001,XGBoost,88.96364979077411,108.18419712754955,72.26114112187466
7,P0001,S001,7-day mean,90.5483870967742,112.08692530258638,72.43219998395338
7,P0001,S001,14-day mean,93.29800307219662,112.60129957610516,74.32125057132718
7,P0001,S001,same-weekday lag,129.46236559139786,160.90463347980014,94.01888477198987
7,P0001,S002,XGBoost,88.25112603300362,108.88781724592832,70.1292686755426
7,P0001,S002,7-day mean,93.90322580645163,116.1342977556905,73.33211807134549
7,P0001,S002,14-day mean,91.5253456221198,112.00276944912898,71.43431255112552
7,P0001,S002,same-weekday lag,127.95698924731182,160.8611235670969,96.56387906809425
7,P0001,S003,XGBoost,86.98662919895624,100.99107220044114,76.8678824601429
7,P0001,S003,7-day mean,89.0,106.70685995257857,78.79380213775778
7,P0001,S003,14-day mean,85.88018433179725,102.5167696639028,76.77949249678636
7,P0001,S003,same-weekday lag,113.0752688172043,139.29762365880205,99.6047448300029
7,P0001,S004,XGBoost,87.7696777671896,109.59610733391483,73.65559049275967
7,P0001,S004,7-day mean,94.90168970814135,119.26658602853118,77.87321420366685
7,P0001,S004,14-day mean,91.94777265745007,115.35671270125675,75.91843583001759
7,P0001,S004,same-weekday lag,116.98924731182795,151.77239609050707,95.48618550447621
7,P0001,S005,XGBoost,84.99316767210601,100.99359080753007,71.44232622828768
7,P0001,S005,7-day mean,91.45929339477725,110.74633003389062,75.3243168658763
7,P0001,S005,14-day mean,93.53993855606757,112.36644987980699,75.32559977572694
7,P0001,S005,same-weekday lag,116.03225806451613,139.9005407077563,93.82440019587366
7,P0002,S001,XGBoost,90.74740813880838,106.29177665727855,74.93399235882599
7,P0002,S001,7-day mean,87.90015360983105,113.23316288565904,71.18803258733644
7,P0002,S001,14-day mean,91.73579109062979,113.89741976681023,74.83273312223689
7,P0002,S001,same-weekday lag,117.50537634408602,147.36021260185706,96.27067842552415
7,P0002,S002,XGBoost,79.94226714103452,97.33786233347597,75.89200908043179
7,P0002,S002,7-day mean,73.2811059907834,97.2424785109242,73.24150609127953
7,P0002,S002,14-day mean,73.63056835637481,96.4786059529633,73.04110822217353
7,P0002,S002,same-weekday lag,104.36559139784946,136.50664641741454,97.09200491088316
7,P0002,S003,XGBoost,88.68368989677839,107.0645750981042,65.50499738943655
7,P0002,S003,7-day mean,89.04761904761907,109.5356428523615,65.21000786314508
7,P0002,S003,14-day mean,88.41167434715821,107.55148498424983,65.07059150910257
7,P0002,S003,same-weekday lag,119.3763440860215,151.1853523086419,88.22676053968912
7,P0002,S004,XGBoost,82.36123263451361,98.32137131703384,72.41058022997015
7,P0002,S004,7-day mean,78.58678955453148,100.2873882250307,71.09500291035097
7,P0002,S004,14-day mean,77.11136712749617,97.78369512030261,70.48180775677974
7,P0002,S004,same-weekday lag,94.66666666666667,122.22216682957364,87.96991681120711
7,P0002,S005,XGBoost,76.93233957598287,98.49048213119325,61.09377633403456
7,P0002,S005,7-day mean,82.89708141321044,106.1883111652716,66.69796488872461
7,P0002,S005,14-day mean,78.58602150537634,101.02588846648801,63.095414142647385
7,P0002,S005,same-weekday lag,98.65591397849462,132.7124387457689,78.18445238147757
7,P0003,S001,XGBoost,87.17603031281502,103.86420757347618,74.10541106979082
7,P0003,S001,7-day mean,91.49308755760367,110.49768316809538,76.64089888527225
7,P0003,S001,14-day mean,93.14976958525342,112.16137464891217,77.49328391762597
7,P0003,S001,same-weekday lag,132.72043010752688,165.64715057803937,104.03681623062877
7,P0003,S002,XGBoost,81.8490723640688,102.23060706690069,70.73110997017267
7,P0003,S002,7-day mean,90.12903225806451,108.91003266986462,77.17417899063938
7,P0003,S002,14-day mean,89.7334869431644,110.33421184613856,75.47365276622916
7,P0003,S002,same-weekday lag,125.75268817204301,162.34680123417198,104.39377696913176
7,P0003,S003,XGBoost,96.64822420509913,108.6600543418651,84.14729084753766
7,P0003,S003,7-day mean,96.10599078341016,114.81421101175742,82.38274104240959
7,P0003,S003,14-day mean,94.826420890937,111.4407197284971,83.59907686072778
7,P0003,S003,same-weekday lag,112.79569892473118,144.40675824890258,98.95581260633978
7,P0003,S004,XGBoost,97.36354589975008,112.85154641355675,83.29449428796491
7,P0003,S004,7-day mean,96.36405529953916,119.46748845929223,81.9806200192113
7,P0003,S004,14-day mean,95.69969278033797,115.35982315110606,83.80296824507735
7,P0003,S004,same-weekday lag,116.58064516129032,153.4878370719721,95.11888466502005
7,P0003,S005,XGBoost,98.53329434958837,122.12916090514149,72.13884406660837
7,P0003,S005,7-day mean,111.78187403993854,133.32826466117302,77.06016718655283
7,P0003,S005,14-day mean,105.326420890937,126.19557339790933,73.74964075832071
7,P0003,S005,same-weekday lag,129.83870967741936,170.1691441901516,86.5180677164295
7,P0004,S001,XGBoost,92.82360298402848,112.86824838144226,69.54986261080983
7,P0004,S001,7-day mean,111.94930875576034,133.34338205495558,78.09195860377889
7,P0004,S001,14-day mean,102.83947772657451,119.52978631148055,74.06959279516887
7,P0004,S001,same-weekday lag,133.0752688172043,168.67899143206196,89.52869755619648
7,P0004,S002,XGBoost,84.94021934591314,99.59417019941118,76.96359810778772
7,P0004,S002,7-day mean,83.60522273425501,105.7404013492815,77.56237997413973
7,P0004,S002,14-day mean,80.01459293394775,100.72691987515383,75.48408949466526
7,P0004,S002,same-weekday lag,101.9247311827957,141.02394366976142,88.90317850999419
7,P0004,S003,XGBoost,89.1869624968498,103.65405220855364,78.39921675715625
7,P0004,S003,7-day mean,87.92626728110599,108.8936241187278,77.56680359828815
7,P0004,S003,14-day mean,86.41090629800308,104.63346555109598,77.33064796231207
7,P0004,S003,same-weekday lag,108.49462365591398,146.01163600707434,88.78098038384304
7,P0004,S004,XGBoost,92.23086072039861,110.86126618079707,80.93471785327287
7,P0004,S004,7-day mean,93.31950844854072,115.30198588147364,83.11963083857384
7,P0004,S004,14-day mean,90.29262672811059,113.6078994953148,80.42293874022307
7,P0004,S004,same-weekday lag,125.86021505376344,161.74069915590468,105.78355741866999
7,P0004,S005,XGBoost,99.92907042144448,122.83289803626508,77.05084329176199
7,P0004,S005,7-day mean,105.72043010752682,130.89020001158968,79.77263422053592
7,P0004,S005,14-day mean,105.59600614439323,127.64340749810222,79.18038027101217
7,P0004,S005,same-weekday lag,142.49462365591398,184.31908984616985,99.0787654319851
7,P0005,S001,XGBoost,85.07591099892893,104.25520538693726,69.57599073832056
7,P0005,S001,7-day mean,90.17511520737328,111.21394312535841,72.52342917420903
7,P0005,S001,14-day mean,85.16973886328726,106.20214860455842,69.5099712089093
7,P0005,S001,same-weekday lag,122.58064516129032,157.50261987921726,94.05945856464407
7,P0005,S002,XGBoost,80.71842152585265,99.44294553915952,64.82792421846266
7,P0005,S002,7-day mean,84.58832565284177,105.21827735635956,66.81526097562215
7,P0005,S002,14-day mean,83.13594470046083,103.17592024248958,65.94624700840451
7,P0005,S002,same-weekday lag,114.0,138.34909872593883,91.9461835533646
7,P0005,S003,XGBoost,82.8234154485887,98.03086217049766,69.16801650820136
7,P0005,S003,7-day mean,85.01996927803378,105.0133924602293,69.9108199586266
7,P0005,S003,14-day mean,84.00921658986174,101.66578349623772,70.06751711595108
7,P0005,S003,same-weekday lag,109.04301075268818,141.0250873739038,86.45478241110844
7,P0005,S004,XGBoost,78.60277631205898,94.08950618701077,66.03175024892323
7,P0005,S004,7-day mean,82.63287250384023,103.11220295846014,67.19405653824354
7,P0005,S004,14-day mean,78.96774193548387,96.8512186154097,66.80416608856797
7,P0005,S004,same-weekday lag,96.3763440860215,121.05455093087276,83.16418328608395
7,P0005,S005,XGBoost,85.83830097157468,107.95625065137392,64.05636057395814
7,P0005,S005,7-day mean,90.90322580645162,113.57535183400351,67.19431474189761
7,P0005,S005,14-day mean,87.37327188940093,110.01321064965647,64.79494963993446
7,P0005,S005,same-weekday lag,110.58064516129032,141.6677925318956,82.41597747437443
7,P0006,S001,XGBoost,85.682129070323,103.50791174645298,72.63657437404176
7,P0006,S001,7-day mean,84.33486943164361,102.8900954212362,72.18550080347501
7,P0006,S001,14-day mean,83.50460829493088,102.30582398710705,71.43808118574562
7,P0006,S001,same-weekday lag,132.50537634408602,165.07759661209576,99.91967258432204
7,P0006,S002,XGBoost,82.13570297405283,97.52435576533503,69.52172238473595
7,P0006,S002,7-day mean,83.2611367127496,104.03154114812352,70.51880739998023
7,P0006,S002,14-day mean,81.00537634408602,99.93063948520434,69.50737298844702
7,P0006,S002,same-weekday lag,102.02150537634408,132.89028541240043,83.16318729288287
7,P0006,S003,XGBoost,85.20656856413811,103.61678467706102,69.12037940392028
7,P0006,S003,7-day mean,88.68356374807986,110.98319851807575,71.86278099612802
7,P0006,S003,14-day mean,91.41167434715821,114.47651986784594,73.44775949678576
7,P0006,S003,same-weekday lag,116.04301075268818,149.3886466299748,90.50723734183893
7,P0006,S004,XGBoost,93.90674271122101,114.49728436466353,75.50322076326283
7,P0006,S004,7-day mean,98.8940092165899,120.12909448452591,77.67836619760921
7,P0006,S004,14-day mean,96.7442396313364,115.97103066678785,76.53299138218826
7,P0006,S004,same-weekday lag,132.8279569892473,169.0421147499634,95.35221577888102
7,P0006,S005,XGBoost,90.43323213310651,112.08623254621862,66.67042407730722
7,P0006,S005,7-day mean,97.59139784946234,122.08876821802451,68.67069527029737
7,P0006,S005,14-day mean,93.21044546850999,116.35958677426171,67.2669875922033
7,P0006,S005,same-weekday lag,120.88172043010752,156.31296150826353,82.98770501994603
7,P0007,S001,XGBoost,81.43627585134199,99.93386539223094,70.34211213360251
7,P0007,S001,7-day mean,86.16282642089094,103.9469805434443,75.14029562310178
7,P0007,S001,14-day mean,80.51612903225805,100.24576722649716,70.73490459813647
7,P0007,S001,same-weekday lag,108.3010752688172,136.95325315006977,94.5000958360675
7,P0007,S002,XGBoost,93.38089300996513,114.46878945062763,75.55900703563383
7,P0007,S002,7-day mean,93.6835637480799,118.45687283550163,73.59232603069545
7,P0007,S002,14-day mean,93.6689708141321,115.905155631839,74.90194221635214
7,P0007,S002,same-weekday lag,122.41935483870968,159.39634107590769,98.16525926523263
7,P0007,S003,XGBoost,75.17969685216104,100.30441881535847,55.33728704558886
7,P0007,S003,7-day mean,83.99231950844853,109.94900068581981,59.703985148502326
7,P0007,S003,14-day mean,81.16973886328725,104.99701527676274,58.154742019301
7,P0007,S003,same-weekday lag,95.04301075268818,121.6554715721445,70.6583244153655
7,P0007,S004,XGBoost,86.05025277086483,101.05646802955238,75.40678331165606
7,P0007,S004,7-day mean,87.90783410138248,107.35508729672777,76.89082785490584
7,P0007,S004,14-day mean,85.79339477726575,105.6927358468716,74.76362432760054
7,P0007,S004,same-weekday lag,110.08602150537635,140.01420818839657,93.28790108275359
7,P0007,S005,XGBoost,87.27878874091692,105.12850334759061,73.92228752143252
7,P0007,S005,7-day mean,91.58986175115207,110.72576720606023,75.52461719952791
7,P0007,S005,14-day mean,89.39938556067588,109.04658385330927,74.17633549216957
7,P0007,S005,same-weekday lag,124.68817204301075,156.10225487959687,97.21605624025474
7,P0008,S001,XGBoost,92.51929006268901,114.90954152330195,67.66549354230817
7,P0008,S001,7-day mean,97.6620583717358,119.63469192854302,70.61710662235271
7,P0008,S001,14-day mean,98.42933947772659,121.29289723238402,70.5595495016059
7,P0008,S001,same-weekday lag,126.0,154.24286114778135,92.28146912727294
7,P0008,S002,XGBoost,92.14065141575311,111.90589589965033,70.63722210580949
7,P0008,S002,7-day mean,104.36712749615977,130.5020882614408,76.38172512611261
7,P0008,S002,14-day mean,100.97542242703531,125.25357777240632,74.58430631823047
7,P0008,S002,same-weekday lag,129.50537634408602,162.5205363367436,95.27767195204126
7,P0008,S003,XGBoost,85.29459815896968,102.80358396447764,75.01135901330419
7,P0008,S003,7-day mean,85.69431643625192,107.46824630156408,77.37689360139046
7,P0008,S003,14-day mean,86.22657450076805,108.1204294559775,77.52371749832498
7,P0008,S003,same-weekday lag,121.21505376344086,156.44542832250085,103.27117147113185
7,P0008,S004,XGBoost,84.79894445275748,106.20667200524915,65.64611207587198
7,P0008,S004,7-day mean,92.51459293394775,115.90305192568464,70.4674848556721
7,P0008,S004,14-day mean,84.76267281105991,106.71340019209107,66.1914272564046
7,P0008,S004,same-weekday lag,104.39784946236558,135.94855921519792,83.72868702692625
7,P0008,S005,XGBoost,92.15081278483073,111.95528355296322,74.99726591576089
7,P0008,S005,7-day mean,104.14285714285714,127.9373741011694,81.93808890389768
7,P0008,S005,14-day mean,95.36559139784946,117.08064175281045,76.7022050078382
7,P0008,S005,same-weekday lag,126.39784946236558,163.3574812081365,95.99973103588258
7,P0009,S001,XGBoost,87.1436052219842,107.14481729597065,66.76112652613095
7,P0009,S001,7-day mean,96.79877112135176,119.98758622061074,70.45437339203488
7,P0009,S001,14-day mean,95.75960061443931,115.92386791938229,70.23084417851626
7,P0009,S001,same-weekday lag,138.4731182795699,166.16263570784,99.8276807121991
7,P0009,S002,XGBoost,94.01472522366431,118.04765673962011,72.29240473444149
7,P0009,S002,7-day mean,111.00768049155143,134.92639757579883,81.82765276364734
7,P0009,S002,14-day mean,102.33410138248847,127.30441396083901,77.07419872728624
7,P0009,S002,same-weekday lag,138.50537634408602,170.75968777127093,100.75942725159332
7,P0009,S003,XGBoost,90.21583606350806,111.38091082801064,68.34896147713253
7,P0009,S003,7-day mean,98.55913978494621,120.03225372991989,72.34837484856281
7,P0009,S003,14-day mean,96.39631336405529,118.56228658333279,70.1587879583294
7,P0009,S003,same-weekday lag,122.3225806451613,159.434282143398,85.42657527258423
7,P0009,S004,XGBoost,97.5093014624811,120.42547906323293,74.06140346743382
7,P0009,S004,7-day mean,105.97849462365592,134.06110083821778,76.5347594631511
7,P0009,S004,14-day mean,104.75422427035332,128.0054032317715,77.3472363376074
7,P0009,S004,same-weekday lag,141.32258064516128,181.10933547956458,100.26488468590316
7,P0009,S005,XGBoost,92.26572081863239,107.71134048132913,83.17991552410169
7,P0009,S005,7-day mean,93.1152073732719,113.90407284185537,85.98858486689349
7,P0009,S005,14-day mean,88.86943164362522,106.98827199522808,83.21474554874536
7,P0009,S005,same-weekday lag,110.23655913978494,141.98288553535681,95.9458289458606
7,P0010,S001,XGBoost,89.56736378003193,107.02830595337474,72.53753917062753
7,P0010,S001,7-day mean,95.31182795698926,115.58266015120014,73.97593722322443
7,P0010,S001,14-day mean,92.64746543778803,112.99432226516967,73.08474141247356
7,P0010,S001,same-weekday lag,119.70967741935483,152.7309462272917,90.72854532829011
7,P0010,S002,XGBoost,96.78391635033393,119.52579377410244,75.82178499488073
7,P0010,S002,7-day mean,100.86482334869434,128.94030630265644,76.92427301134417
7,P0010,S002,14-day mean,97.2388632872504,122.93141420402098,75.82175841550469
7,P0010,S002,same-weekday lag,116.95698924731182,160.34482332021634,93.3529048392231
7,P0010,S003,XGBoost,97.20693625173261,120.39521170418723,72.83862574428905
7,P0010,S003,7-day mean,109.40245775729645,131.04692216395637,78.9916405813932
7,P0010,S003,14-day mean,107.35099846390173,127.1859936920797,77.96938800246282
7,P0010,S003,same-weekday lag,152.90322580645162,186.85380404482405,104.92289494593987
7,P0010,S004,XGBoost,80.46284813009282,96.09629452216345,71.47612662828355
7,P0010,S004,7-day mean,79.55606758832565,98.89306704555896,72.62522390304935
7,P0010,S004,14-day mean,79.64362519201231,98.5088071083095,72.42874831753281
7,P0010,S004,same-weekday lag,106.48387096774194,136.40195975005608,93.57245203471349
7,P0010,S005,XGBoost,87.12436241231939,104.87746810147408,72.10941423481444
7,P0010,S005,7-day mean,90.50537634408602,112.42743935550213,73.49863617140417
7,P0010,S005,14-day mean,89.73732718894009,108.7537008871886,73.55815243894405
7,P0010,S005,same-weekday lag,126.54838709677419,157.27145903804984,99.87766412562283
7,P0011,S001,XGBoost,99.30739421229208,121.93815932802869,77.15168307474481
7,P0011,S001,7-day mean,107.47465437788019,134.59061701753035,79.05038698916404
7,P0011,S001,14-day mean,101.58218125960062,122.00641268216869,77.68974750880446
7,P0011,S001,same-weekday lag,117.74193548387096,155.0053762508471,88.7973693812881
7,P0011,S002,XGBoost,86.45150773243238,104.6588375229873,71.0063136295438
7,P0011,S002,7-day mean,97.38709677419355,119.3728629286171,77.53788433045919
7,P0011,S002,14-day mean,92.04224270353303,111.21016816452494,74.40679716169831
7,P0011,S002,same-weekday lag,119.49462365591398,159.17755690943343,90.58193313208868
7,P0011,S003,XGBoost,91.91114364131805,109.16011432579721,71.84594650245445
7,P0011,S003,7-day mean,95.65130568356376,114.10959836440243,72.44251383171569
7,P0011,S003,14-day mean,95.60983102918587,112.34443319523359,73.14943825435319
7,P0011,S003,same-weekday lag,115.89247311827957,149.50851380080243,86.17522355692327
7,P0011,S004,XGBoost,98.99695693805654,122.40839869018826,69.6218131205416
7,P0011,S004,7-day mean,106.431643625192,128.78667679296947,71.86321417704181
7,P0011,S004,14-day mean,102.5437788018433,124.05515896783578,70.31062071900818
7,P0011,S004,same-weekday lag,141.38709677419354,181.6933787207661,89.77035327238087
7,P0011,S005,XGBoost,87.78178192466818,107.85614619046699,73.75701427436509
7,P0011,S005,7-day mean,93.24116743471582,116.12048142268948,76.61648645710726
7,P0011,S005,14-day mean,89.00076804915514,111.58471989804247,74.0851002929738
7,P0011,S005,same-weekday lag,123.17204301075269,155.09341617855827,97.23003439244
7,P0012,S001,XGBoost,86.7201903968729,103.57084667269676,72.14958709972727
7,P0012,S001,7-day mean,85.59293394777265,103.39219408482398,73.11608134981113
7,P0012,S001,14-day mean,85.62903225806453,103.96172474934868,72.51367107075055
7,P0012,S001,same-weekday lag,120.02150537634408,149.41980983086705,94.42873493646394
7,P0012,S002,XGBoost,99.61986681210098,120.7777369690048,76.99285400155833
7,P0012,S002,7-day mean,108.5852534562212,131.86987205417623,79.50036459899621
7,P0012,S002,14-day mean,107.22043010752688,128.4406471309532,79.69979185366522
7,P0012,S002,same-weekday lag,129.9784946236559,168.50634141412658,93.42780780379985
7,P0012,S003,XGBoost,88.38271979875462,109.29348420653949,78.89914522244993
7,P0012,S003,7-day mean,85.32718894009216,112.04971231290739,78.49221302074764
7,P0012,S003,14-day mean,86.29493087557603,112.29567551958262,78.78494069903724
7,P0012,S003,same-weekday lag,103.38709677419355,138.91557736412645,97.66459608638561
7,P0012,S004,XGBoost,78.32851106377058,94.64439761271767,64.74601363654246
7,P0012,S004,7-day mean,79.33947772657449,95.44108475037282,65.46865672265739
7,P0012,S004,14-day mean,76.05760368663596,92.37318555327882,63.093232246278454
7,P0012,S004,same-weekday lag,99.39784946236558,130.25161753685725,77.4129149492484
7,P0012,S005,XGBoost,92.77023725612189,113.63089516962822,75.37743806622355
7,P0012,S005,7-day mean,110.4362519201229,134.64281537890457,85.157802031056
7,P0012,S005,14-day mean,102.13671274961597,124.19019715389949,81.28054085477923
7,P0012,S005,same-weekday lag,137.95698924731184,173.4641979112383,104.31184320708829
7,P0013,S001,XGBoost,76.87474864016298,98.3122654525969,65.37793923075988
7,P0013,S001,7-day mean,83.50691244239631,108.49967007713254,71.18347799308539
7,P0013,S001,14-day mean,80.53302611367127,103.1243558175397,68.89158229559152
7,P0013,S001,same-weekday lag,115.90322580645162,148.46689649493825,93.15485296246152
7,P0013,S002,XGBoost,85.1427013438235,104.93272061512543,70.87677106570555
7,P0013,S002,7-day mean,85.79109062980032,108.22767961196045,70.42726903415246
7,P0013,S002,14-day mean,86.61751152073732,106.91762398720597,71.60369933611308
7,P0013,S002,same-weekday lag,122.43010752688173,160.33540114464756,95.15114619392679
7,P0013,S003,XGBoost,82.49719861758652,101.52618771407239,65.83405836218608
7,P0013,S003,7-day mean,91.40706605222736,111.12130821469869,71.84430759830309
7,P0013,S003,14-day mean,88.34101382488481,107.32569448213216,69.36890958623314
7,P0013,S003,same-weekday lag,107.52688172043011,139.78293464226704,84.60726922082313
7,P0013,S004,XGBoost,90.81117133684056,106.35930285622774,81.3085541646286
7,P0013,S004,7-day mean,93.65898617511522,117.06109319142081,83.96754774867118
7,P0013,S004,14-day mean,91.56298003072197,113.31577148072404,83.08824676621656
7,P0013,S004,same-weekday lag,113.01075268817205,146.63362286610362,100.27688910774192
7,P0013,S005,XGBoost,88.03593526860719,105.19632970442338,68.3746111674308
7,P0013,S005,7-day mean,97.43317972350229,118.1826422626954,74.21543014574418
7,P0013,S005,14-day mean,87.08294930875577,106.56593059785554,66.69513191993074
7,P0013,S005,same-weekday lag,109.93548387096774,137.4948679394159,85.13395759811073
7,P0014,S001,XGBoost,99.22489847162718,120.48909589564033,75.12671140676295
7,P0014,S001,7-day mean,103.59447004608296,126.79568403717157,75.96614429353312
7,P0014,S001,14-day mean,100.54685099846388,124.57795109335163,74.54127102233466
7,P0014,S001,same-weekday lag,125.90322580645162,163.58230968845854,91.51466183531082
7,P0014,S002,XGBoost,87.09355245610719,101.9980700855346,70.0628971327634
7,P0014,S002,7-day mean,94.50537634408605,109.42961520841129,75.52782962478318
7,P0014,S002,14-day mean,92.78417818740401,108.85722021639707,73.70130624806806
7,P0014,S002,same-weekday lag,116.47311827956989,146.95533664260694,93.76056754621135
7,P0014,S003,XGBoost,93.66120861422631,117.95435368841252,72.12668249284442
7,P0014,S003,7-day mean,95.55606758832562,118.41903759994047,72.2235740887609
7,P0014,S003,14-day mean,93.01843317972353,117.57065025415565,70.15967676894928
7,P0014,S003,same-weekday lag,138.05376344086022,182.39325940195494,94.69905730522356
7,P0014,S004,XGBoost,86.77916282735845,104.0650532704652,73.39620302178656
7,P0014,S004,7-day mean,90.99385560675884,108.84910828265988,74.89803918756984
7,P0014,S004,14-day mean,87.9431643625192,105.19835804744704,73.61094883716959
7,P0014,S004,same-weekday lag,110.19354838709677,138.8474059913891,89.94318469851018
7,P0014,S005,XGBoost,91.05968188214045,108.95079551948496,73.39497951740985
7,P0014,S005,7-day mean,94.05990783410137,112.46946675600873,74.66902222430998
7,P0014,S005,14-day mean,93.46543778801846,113.64335461169563,74.26086281973485
7,P0014,S005,same-weekday lag,116.31182795698925,156.49140276636587,88.5886426258822
7,P0015,S001,XGBoost,86.5822022140667,102.08476926134774,72.08510961818565
7,P0015,S001,7-day mean,94.81874039938558,114.44146932493842,76.33027851059822
7,P0015,S001,14-day mean,85.91090629800307,102.34761897972282,71.5088375338906
7,P0015,S001,same-weekday lag,115.91397849462365,142.64166698861283,94.16633129674858
7,P0015,S002,XGBoost,85.50657653808594,104.84839949614825,73.84054140830185
7,P0015,S002,7-day mean,92.34101382488478,114.41645171898635,78.667466646836
7,P0015,S002,14-day mean,84.86482334869432,106.58310104389224,73.7702901380117
7,P0015,S002,same-weekday lag,108.61290322580645,145.27064101113118,90.71173924995823
7,P0015,S003,XGBoost,89.27749289235761,108.02386343779143,69.32563938801042
7,P0015,S003,7-day mean,92.12288786482334,111.3346486672303,70.88739728603595
7,P0015,S003,14-day mean,88.48463901689709,107.50776543646501,68.22779272453133
7,P0015,S003,same-weekday lag,121.98924731182795,152.3687166266475,93.97324103235263
7,P0015,S004,XGBoost,82.4108163156817,96.41993834357494,62.928732200389426
7,P0015,S004,7-day mean,89.78955453149001,103.73629761378491,65.88961632607722
7,P0015,S004,14-day mean,86.16589861751152,98.91258722843595,64.51812159130225
7,P0015,S004,same-weekday lag,110.47311827956989,134.913353316956,83.68141663934495
7,P0015,S005,XGBoost,90.07041881930444,108.12750817205531,71.63321913644458
7,P0015,S005,7-day mean,105.81105990783414,124.17361595474232,81.14853840760638
7,P0015,S005,14-day mean,93.78955453149001,110.50254168224224,73.96022018549428
7,P0015,S005,same-weekday lag,119.46236559139786,156.50181214382496,88.05783297345032
7,P0016,S001,XGBoost,91.36484109201739,115.70845094412664,69.0207416431164
7,P0016,S001,7-day mean,94.08755760368663,119.84670096169621,68.56688058188762
7,P0016,S001,14-day mean,96.34024577572967,122.82233435912113,70.67693098088851
7,P0016,S001,same-weekday lag,123.20430107526882,164.74548633822172,87.54457107420338
7,P0016,S002,XGBoost,86.82363957230763,109.64614737252823,63.72151301406493
7,P0016,S002,7-day mean,91.25960061443932,115.52294966013734,64.18747258826856
7,P0016,S002,14-day mean,91.00921658986175,114.26303250344756,65.18546705995445
7,P0016,S002,same-weekday lag,116.66666666666667,149.80223522170607,84.62169231890161
7,P0016,S003,XGBoost,89.66908100087156,107.59054908810326,72.35695658316968
7,P0016,S003,7-day mean,95.57450076804915,117.52611147030935,75.56306885914023
7,P0016,S003,14-day mean,95.52380952380953,114.84363146640514,75.86758311903095
7,P0016,S003,same-weekday lag,121.90322580645162,151.76669276312924,95.60092976319248
7,P0016,S004,XGBoost,79.2289064468876,95.24018387483501,66.79157783398388
7,P0016,S004,7-day mean,86.8494623655914,103.62648253404511,72.14823186221786
7,P0016,S004,14-day mean,81.18125960061444,96.65696795155478,68.03439912380415
7,P0016,S004,same-weekday lag,123.63440860215054,148.97860133560786,98.93477491885294
7,P0016,S005,XGBoost,88.2387462328839,109.4900473091562,69.8335781633587
7,P0016,S005,7-day mean,91.84485407066053,117.73672943841487,70.60166865375362
7,P0016,S005,14-day mean,90.11290322580645,114.62872321006931,69.2785973573006
7,P0016,S005,same-weekday lag,116.3010752688172,148.7517235826772,92.035968842805
7,P0017,S001,XGBoost,86.65467063329552,108.53997630468855,65.38165962518863
7,P0017,S001,7-day mean,91.96620583717356,114.1424582180056,66.6335744195985
7,P0017,S001,14-day mean,89.73655913978494,109.7480249362029,66.23609592123968
7,P0017,S001,same-weekday lag,116.70967741935483,147.5502465901606,87.9725675878894
7,P0017,S002,XGBoost,91.814941570323,110.60013433645314,77.88710965398865
7,P0017,S002,7-day mean,91.2826420890937,116.865473733966,77.14477199869212
7,P0017,S002,14-day mean,91.1221198156682,112.27411550925706,78.16244670578018
7,P0017,S002,same-weekday lag,108.0752688172043,140.35550102032576,95.66650586276127
7,P0017,S003,XGBoost,91.37602857364121,115.79197995589044,65.98131566502481
7,P0017,S003,7-day mean,107.23502304147462,132.3125020569506,73.08635880243752
7,P0017,S003,14-day mean,96.97619047619047,119.54877838168034,67.90373371083031
7,P0017,S003,same-weekday lag,120.05376344086021,153.00681691187938,81.65687389862799
7,P0017,S004,XGBoost,99.64419834588163,119.01886536438009,74.27000542164865
7,P0017,S004,7-day mean,112.23963133640554,133.1223308478906,78.7447619485606
7,P0017,S004,14-day mean,105.06912442396313,123.74656794747844,75.4428360617256
7,P0017,S004,same-weekday lag,121.03225806451613,152.4020573902275,86.43051292834194
7,P0017,S005,XGBoost,84.12420916813676,105.50404873005573,64.67032858352701
7,P0017,S005,7-day mean,86.16589861751152,108.75227883724173,65.21501793924334
7,P0017,S005,14-day mean,85.46006144393242,106.7053954577449,65.03070459892797
7,P0017,S005,same-weekday lag,122.66666666666667,155.82779301289233,88.85188122987854
7,P0018,S001,XGBoost,86.47701501333586,109.13834558739836,69.84212540095658
7,P0018,S001,7-day mean,85.91090629800307,107.91977408611201,67.96268108318667
7,P0018,S001,14-day mean,85.75038402457758,106.03171894497908,68.88461944433084
7,P0018,S001,same-weekday lag,123.06451612903226,150.65159549704893,93.9851121115184
7,P0018,S002,XGBoost,94.504638507802,120.19124099323739,72.40504961288329
7,P0018,S002,7-day mean,104.07219662058374,128.19276804920977,78.10218525089049
7,P0018,S002,14-day mean,100.13287250384023,123.66445602872477,75.70718866246966
7,P0018,S002,same-weekday lag,122.61290322580645,163.0300783647389,91.16437718401635
7,P0018,S003,XGBoost,81.28079879924815,104.83875823933948,65.1541777764861
7,P0018,S003,7-day mean,92.01075268817206,117.80215074154162,69.58953788878891
7,P0018,S003,14-day mean,86.76958525345623,110.80581024448493,66.82889284782325
7,P0018,S003,same-weekday lag,103.3225806451613,139.26593266122194,77.5211549104312
7,P0018,S004,XGBoost,90.3685537358766,106.7705635101074,76.60892107667729
7,P0018,S004,7-day mean,93.84639016897081,110.79663257416254,78.53366041076796
7,P0018,S004,14-day mean,93.84408602150538,109.03594566876731,78.52284074016701
7,P0018,S004,same-weekday lag,122.90322580645162,155.05011330021208,95.76937302910571
7,P0018,S005,XGBoost,89.1462879796182,104.96473119571058,78.21612039624763
7,P0018,S005,7-day mean,90.97081413210445,111.01177514066471,79.57551809364064
7,P0018,S005,14-day mean,87.4078341013825,104.92412041350097,77.46146429718279
7,P0018,S005,same-weekday lag,104.56989247311827,133.53510271053818,95.46055996335355
7,P0019,S001,XGBoost,85.49710165044313,101.35831941131268,75.31001543423159
7,P0019,S001,7-day mean,83.6221198156682,104.55103130961608,74.91081686821944
7,P0019,S001,14-day mean,83.43778801843318,101.71073288553355,75.59842140667054
7,P0019,S001,same-weekday lag,116.73118279569893,148.40506903785004,98.63579439313331
7,P0019,S002,XGBoost,82.19716882192961,99.71720962387214,70.70848802509889
7,P0019,S002,7-day mean,86.15668202764977,104.88725777908003,74.87353655183611
7,P0019,S002,14-day mean,85.15207373271888,103.69655559308444,73.83351603248192
7,P0019,S002,same-weekday lag,106.78494623655914,140.7791299904223,87.42609313098578
7,P0019,S003,XGBoost,92.14234268024404,120.66983869080339,67.60555929459687
7,P0019,S003,7-day mean,99.30875576036867,130.43480736754495,70.59494572008222
7,P0019,S003,14-day mean,93.38325652841782,122.02642715711701,67.39454525175766
7,P0019,S003,same-weekday lag,137.48387096774192,178.3480347673513,95.10243619885024
7,P0019,S004,XGBoost,89.93986281528268,108.02321160636414,71.94657569406462
7,P0019,S004,7-day mean,90.80184331797236,109.60129630553779,72.05894190414074
7,P0019,S004,14-day mean,90.63748079877114,109.83790298922318,71.64302463565896
7,P0019,S004,same-weekday lag,138.3978494623656,168.77021981609846,97.11208965007039
7,P0019,S005,XGBoost,88.87820221275412,110.44379573535677,67.98200947973075
7,P0019,S005,7-day mean,95.69585253456223,118.03011930426925,70.6865540247914
7,P0019,S005,14-day mean,94.79646697388634,113.7319082304858,71.13446946620294
7,P0019,S005,same-weekday lag,119.72043010752688,155.79280422876522,82.83279192202515
7,P0020,S001,XGBoost,83.99282000141758,99.28880513656149,73.91586108236136
7,P0020,S001,7-day mean,83.47772657450076,102.9054652662073,74.48570315651516
7,P0020,S001,14-day mean,82.19278033794163,100.49876085122203,73.80520990719343
7,P0020,S001,same-weekday lag,113.68817204301075,150.37176153342978,93.62372309440752
7,P0020,S002,XGBoost,90.53936455839424,111.33814493105476,70.07330284498352
7,P0020,S002,7-day mean,95.44086021505379,118.10749651456649,72.49334823351418
7,P0020,S002,14-day mean,92.68509984639019,115.27157969682754,70.81168525811152
7,P0020,S002,same-weekday lag,128.18279569892474,163.72712021065146,92.97665833915542
7,P0020,S003,XGBoost,84.52443358718708,102.24523925436141,63.73390594637057
7,P0020,S003,7-day mean,86.24884792626727,106.0014263674056,63.44347755994219
7,P0020,S003,14-day mean,86.4831029185868,104.95453131117029,63.80746470021551
7,P0020,S003,same-weekday lag,123.6236559139785,151.17827544902718,89.5436457028169
7,P0020,S004,XGBoost,90.48712486349126,119.24363392688106,64.12141306760967
7,P0020,S004,7-day mean,95.96774193548386,122.36190238267402,65.63439210032578
7,P0020,S004,14-day mean,96.6635944700461,121.63595420104956,66.79836556357375
7,P0020,S004,same-weekday lag,143.30107526881721,179.39944618176105,96.00969558012444
7,P0020,S005,XGBoost,100.3455305202033,124.49411504765446,79.074023965377
7,P0020,S005,7-day mean,102.5806451612903,131.29539268551383,78.09780983339344
7,P0020,S005,14-day mean,100.90092165898619,126.93380762642747,77.2932204038351
7,P0020,S005,same-weekday lag,136.68817204301075,181.02783009475976,99.8530108201159
14,P0001,S001,XGBoost,88.99058959304645,108.12952642371243,72.29076356041743
14,P0001,S001,7-day mean,98.14592933947776,119.02560933253176,76.94560674198094
14,P0001,S001,14-day mean,94.1082949308756,112.99921811160314,75.26681701578013
14,P0001,S001,same-weekday lag,113.2258064516129,147.17468225470776,88.6644144339942
14,P0001,S002,XGBoost,88.17900774555821,108.91677643799696,70.0852524473048
14,P0001,S002,7-day mean,93.62672811059907,115.06064558097073,72.46918841815564
14,P0001,S002,14-day mean,90.14132104454684,109.8944158821962,71.39655649222642
14,P0001,S002,same-weekday lag,121.58064516129032,155.4481208621381,92.6521300639227
14,P0001,S003,XGBoost,86.8760979765205,100.85879425138997,76.82864059280182
14,P0001,S003,7-day mean,86.25960061443931,105.25805254530837,76.28769663218925
14,P0001,S003,14-day mean,85.54838709677419,104.4604195983953,76.19371994191133
14,P0001,S003,same-weekday lag,123.09677419354838,155.03756048548468,104.37481103210354
14,P0001,S004,XGBoost,87.50634437478999,109.41795519915269,73.51214802732746
14,P0001,S004,7-day mean,94.12749615975423,117.76058605791283,76.5793286906757
14,P0001,S004,14-day mean,97.0399385560676,119.80746110967644,77.42668709250353
14,P0001,S004,same-weekday lag,135.6451612903226,174.3054111153352,98.67768183799694
14,P0001,S005,XGBoost,84.87663137784568,100.89132665817041,71.41468204848739
14,P0001,S005,7-day mean,98.85867895545316,121.82581539061908,76.50217243581986
14,P0001,S005,14-day mean,97.47465437788016,115.43421569141957,76.43329563176141
14,P0001,S005,same-weekday lag,108.3225806451613,148.33158148053343,79.06618720737474
14,P0002,S001,XGBoost,90.63766364641087,106.35606385265355,74.8622376443117
14,P0002,S001,7-day mean,97.17818740399385,119.95015697363087,78.6719391731366
14,P0002,S001,14-day mean,99.17357910906297,120.52976289568906,79.36930178449248
14,P0002,S001,same-weekday lag,111.24731182795699,144.1817103220719,89.58299308673
14,P0002,S002,XGBoost,79.69840806530368,97.24924179635214,75.7469141944422
14,P0002,S002,7-day mean,77.036866359447,99.86574815300008,74.79395930466868
14,P0002,S002,14-day mean,74.05299539170507,97.23639071445884,72.86367482868222
14,P0002,S002,same-weekday lag,88.72043010752688,124.78364071162258,88.56110075566119
14,P0002,S003,XGBoost,88.70720959735173,106.97588410795845,65.56647114092922
14,P0002,S003,7-day mean,90.16282642089095,109.63933131524024,66.05510203943645
14,P0002,S003,14-day mean,88.15130568356373,106.08080663182866,64.98352734509048
14,P0002,S003,same-weekday lag,119.89247311827957,146.13155069158364,89.06629609703981
14,P0002,S004,XGBoost,82.37313990439138,98.34531483448349,72.38293260378771
14,P0002,S004,7-day mean,78.00460829493088,99.30872436123119,71.70880033416803
14,P0002,S004,14-day mean,77.89861751152074,99.27822082696868,71.63686425494879
14,P0002,S004,same-weekday lag,101.17204301075269,130.2424950885145,94.30481283313364
14,P0002,S005,XGBoost,76.83428052676621,98.52054908815852,61.04311236461002
14,P0002,S005,7-day mean,77.44854070660521,103.32704044774181,62.33767638190636
14,P0002,S005,14-day mean,73.84178187403994,100.11473339125125,59.72913610562587
14,P0002,S005,same-weekday lag,104.21505376344086,137.0121256701215,85.52566363670464
14,P0003,S001,XGBoost,87.22920948971984,103.90222226287318,74.17657087239596
14,P0003,S001,7-day mean,100.52380952380953,122.78430574071744,81.65125540943835
14,P0003,S001,14-day mean,90.46620583717358,110.35001095472995,75.51540687972732
14,P0003,S001,same-weekday lag,120.52688172043011,152.03865524323754,97.9204555632243
14,P0003,S002,XGBoost,81.78481235299058,102.15523553086634,70.72664622910574
14,P0003,S002,7-day mean,93.0983102918587,117.56072019068847,76.99525854601791
14,P0003,S002,14-day mean,93.81029185867895,115.8429925103761,77.20769881338835
14,P0003,S002,same-weekday lag,129.9247311827957,168.623044637427,99.42642497489454
14,P0003,S003,XGBoost,96.55005506289902,108.52142283795705,84.10113663253566
14,P0003,S003,7-day mean,96.67434715821813,114.04280348619743,84.91596194783625
14,P0003,S003,14-day mean,95.90937019969275,111.53203869308679,84.13232691603636
14,P0003,S003,same-weekday lag,115.64516129032258,150.08280868362502,96.24694866410586
14,P0003,S004,XGBoost,97.00699197092364,112.48233405574297,83.18242945975247
14,P0003,S004,7-day mean,98.00307219662058,119.74575876112337,85.10157884067146
14,P0003,S004,14-day mean,94.70046082949311,115.79188196837619,83.07120883494602
14,P0003,S004,same-weekday lag,125.23655913978494,161.3391872216212,102.5393231626756
14,P0003,S005,XGBoost,98.62771721296413,122.30534064828927,72.1890608561904
14,P0003,S005,7-day mean,106.67741935483869,129.35571256443393,73.26224051598831
14,P0003,S005,14-day mean,105.5552995391705,129.23777509930272,72.93401123067721
14,P0003,S005,same-weekday lag,133.53763440860214,174.0920841492825,93.36339709647818
14,P0004,S001,XGBoost,92.93069572858913,112.92946710594069,69.60914115015548
14,P0004,S001,7-day mean,98.04301075268819,117.05848559507967,71.4270701497446
14,P0004,S001,14-day mean,97.49923195084486,114.12866705733279,71.07553158678404
14,P0004,S001,same-weekday lag,127.0,164.5296652664442,89.54795142632862
14,P0004,S002,XGBoost,85.05991010768439,99.77969100042613,77.01586008209424
14,P0004,S002,7-day mean,78.38095238095238,101.85464262717355,73.88204199710303
14,P0004,S002,14-day mean,77.66589861751152,97.27080357209964,73.6068611280125
14,P0004,S002,same-weekday lag,121.26881720430107,152.80791230991977,104.0228640597382
14,P0004,S003,XGBoost,89.14529517389113,103.53671836757697,78.35130844871637
14,P0004,S003,7-day mean,88.31797235023042,107.60620853773122,78.10416708476777
14,P0004,S003,14-day mean,86.49231950844855,104.58399334207422,77.39684245657855
14,P0004,S003,same-weekday lag,118.7741935483871,155.02264836267102,97.54501436463019
14,P0004,S004,XGBoost,92.32059585407217,110.84409754760598,80.94513867064134
14,P0004,S004,7-day mean,93.93548387096774,120.00820138750238,82.44175214629173
14,P0004,S004,14-day mean,97.63056835637481,122.01364852228079,83.54279985428659
14,P0004,S004,same-weekday lag,111.89247311827957,147.45351007829078,94.65550403576806
14,P0004,S005,XGBoost,99.82073761314474,122.63497883550589,76.95801116396166
14,P0004,S005,7-day mean,108.40860215053763,133.15706859012252,80.2541877239575
14,P0004,S005,14-day mean,103.88940092165902,125.70890881882119,78.01150233650516
14,P0004,S005,same-weekday lag,142.38709677419354,177.19699261993242,103.52718824359776
14,P0005,S001,XGBoost,85.32082325925109,104.3440124148103,69.73716931209053
14,P0005,S001,7-day mean,85.58678955453149,108.54216498663934,68.99766852255722
14,P0005,S001,14-day mean,89.07066052227341,108.39319036433014,72.62172525091374
14,P0005,S001,same-weekday lag,117.41935483870968,155.48619549415733,88.26127189891874
14,P0005,S002,XGBoost,80.94617240659652,99.75345880820045,64.94591078491237
14,P0005,S002,7-day mean,88.67281105990783,109.24545607498055,69.18585646479858
14,P0005,S002,14-day mean,85.03609831029185,104.70328804550527,67.61362613285019
14,P0005,S002,same-weekday lag,105.46236559139786,133.5309556957946,83.7930297606967
14,P0005,S003,XGBoost,82.76758698494204,97.81727802012014,69.1672343027484
14,P0005,S003,7-day mean,87.06605222734255,104.79379000876921,71.47506050459127
14,P0005,S003,14-day mean,83.67665130568355,100.19628339004818,69.48756480424862
14,P0005,S003,same-weekday lag,116.12903225806451,142.38037801259958,93.62192916030406
14,P0005,S004,XGBoost,78.71337135889198,94.08111449507791,66.08479776920994
14,P0005,S004,7-day mean,77.8648233486943,96.39861058132577,67.19130523108535
14,P0005,S004,14-day mean,78.87403993855607,97.97434648760374,67.10229047933464
14,P0005,S004,same-weekday lag,97.72043010752688,128.159259122877,79.52449810987467
14,P0005,S005,XGBoost,85.96516467678931,107.99845378002188,64.1240993502559
14,P0005,S005,7-day mean,85.84946236559138,110.7386316822228,63.32764678009607
14,P0005,S005,14-day mean,86.21198156682027,110.12880323789669,63.7991878887338
14,P0005,S005,same-weekday lag,125.16129032258064,159.31378383689878,90.69693035769583
14,P0006,S001,XGBoost,85.85851246823546,103.74343778674488,72.71671461808326
14,P0006,S001,7-day mean,86.15514592933948,105.89343291911966,72.50488007177825
14,P0006,S001,14-day mean,86.17357910906297,105.4078393479638,71.98297169454723
14,P0006,S001,same-weekday lag,118.18279569892474,150.58484551549247,88.68915078925433
14,P0006,S002,XGBoost,81.9594003000567,97.40655302310616,69.42047482724153
14,P0006,S002,7-day mean,82.78955453149001,102.00880099031708,70.0768697597513
14,P0006,S002,14-day mean,78.78648233486943,97.01020976562788,67.83755744680678
14,P0006,S002,same-weekday lag,102.17204301075269,136.323697637771,85.0317317187989
14,P0006,S003,XGBoost,85.10975368048555,103.78034512134289,69.03476700095955
14,P0006,S003,7-day mean,97.33794162826425,123.63813938523569,77.29207431467985
14,P0006,S003,14-day mean,94.34946236559139,117.46573767783684,75.05756200081038
14,P0006,S003,same-weekday lag,118.6236559139785,151.19566472706174,90.89049293884432
14,P0006,S004,XGBoost,94.1530520531439,114.6052867255673,75.67838598821656
14,P0006,S004,7-day mean,101.95852534562212,121.02978612231294,78.84120517509562
14,P0006,S004,14-day mean,102.28110599078344,120.05799838262283,79.8232924679137
14,P0006,S004,same-weekday lag,143.98924731182797,183.02397163636348,101.35077569242583
14,P0006,S005,XGBoost,90.70083979124664,112.60756948644251,66.81624945793627
14,P0006,S005,7-day mean,96.96774193548387,121.91436394115604,69.43583136743038
14,P0006,S005,14-day mean,93.56682027649772,113.3742247352582,67.61265147956843
14,P0006,S005,same-weekday lag,118.11827956989248,152.6937690175149,84.41050274528351
14,P0007,S001,XGBoost,81.52031896447623,100.0490055081026,70.41079591333947
14,P0007,S001,7-day mean,79.41935483870968,101.98459697732596,70.24964031076605
14,P0007,S001,14-day mean,78.55069124423963,98.02319519449368,70.38288990174428
14,P0007,S001,same-weekday lag,101.31182795698925,130.16647735863864,90.00569963643338
14,P0007,S002,XGBoost,93.33947261687248,114.52107871722387,75.5061188023765
14,P0007,S002,7-day mean,94.55453149001535,117.15753626510153,76.43992889663717
14,P0007,S002,14-day mean,95.38095238095238,118.03021877188873,76.59212641449862
14,P0007,S002,same-weekday lag,122.29032258064517,148.22726665713418,98.08312536768618
14,P0007,S003,XGBoost,75.13262791787425,100.2567556532673,55.320863843725355
14,P0007,S003,7-day mean,83.59754224270353,105.73645094984487,59.714022760623834
14,P0007,S003,14-day mean,81.63056835637482,105.62911029771382,58.426951410412684
14,P0007,S003,same-weekday lag,107.59139784946237,133.14766642817597,78.78507064369991
14,P0007,S004,XGBoost,86.04868899109543,101.11966750541824,75.39378198532789
14,P0007,S004,7-day mean,86.74807987711213,109.67387068443557,74.88497421358169
14,P0007,S004,14-day mean,80.81490015360984,100.26205979426695,71.8054817816572
14,P0007,S004,same-weekday lag,112.38709677419355,140.8907149119029,99.3341501479745
14,P0007,S005,XGBoost,87.38588509508358,105.24393903035966,73.96008948479748
14,P0007,S005,7-day mean,91.61751152073732,113.33725580221162,75.20425934834884
14,P0007,S005,14-day mean,87.38709677419354,106.46866686663327,73.58034057636414
14,P0007,S005,same-weekday lag,122.60215053763442,152.0468942942148,104.55197222763492
14,P0008,S001,XGBoost,92.36169138262349,114.80736432656236,67.57989228990655
14,P0008,S001,7-day mean,104.78801843317972,130.9149509417263,73.35655584651455
14,P0008,S001,14-day mean,102.34792626728111,126.93356473040484,71.94770720120317
14,P0008,S001,same-weekday lag,137.21505376344086,170.70653306217523,99.0843632492309
14,P0008,S002,XGBoost,92.11255539104502,111.76266238013754,70.61639795582916
14,P0008,S002,7-day mean,100.68356374807989,127.96580953145663,72.5588562087448
14,P0008,S002,14-day mean,95.39477726574499,118.90716491773452,71.76934910153952
14,P0008,S002,same-weekday lag,120.74193548387096,153.4463935676715,89.90339278899474
14,P0008,S003,XGBoost,85.17654353316112,102.81089404305806,74.94740018220453
14,P0008,S003,7-day mean,94.75576036866359,117.48743670550301,83.84084404540116
14,P0008,S003,14-day mean,85.78955453149001,107.14723800567562,77.26394292157514
14,P0008,S003,same-weekday lag,116.2258064516129,150.0158056188876,100.63246380655409
14,P0008,S004,XGBoost,84.67489935762138,106.24543289830592,65.61130638108861
14,P0008,S004,7-day mean,82.87557603686635,105.98671046739267,65.12834139782562
14,P0008,S004,14-day mean,85.84254992319508,105.96728842812439,67.37592385775343
14,P0008,S004,same-weekday lag,110.38709677419355,141.00713014840127,88.6445150029938
14,P0008,S005,XGBoost,92.22458361553889,112.14294643754182,75.04887764944336
14,P0008,S005,7-day mean,92.6374807987711,114.68389640189872,74.5892736076292
14,P0008,S005,14-day mean,89.89861751152074,111.76512646405605,73.59822179911141
14,P0008,S005,same-weekday lag,114.7741935483871,150.74603010161778,93.63588134523651
14,P0009,S001,XGBoost,87.14183782762096,107.29440579912398,66.74028676264544
14,P0009,S001,7-day mean,97.35330261136711,119.01008102493114,70.90459928249025
14,P0009,S001,14-day mean,90.0552995391705,108.4479879763376,67.41704970773365
14,P0009,S001,same-weekday lag,117.10752688172043,155.83562473158656,82.91407350085555
14,P0009,S002,XGBoost,94.18661728725638,118.27457267246677,72.37080455579647
14,P0009,S002,7-day mean,103.46082949308756,128.40332499111273,77.38734639057361
14,P0009,S002,14-day mean,95.42933947772659,119.60298576758241,72.9961643695307
14,P0009,S002,same-weekday lag,133.61290322580646,166.33448617265927,101.67784914461619
14,P0009,S003,XGBoost,90.33328099404612,111.5145304641252,68.39941990583375
14,P0009,S003,7-day mean,99.33640552995391,126.06876082346044,71.93059619823418
14,P0009,S003,14-day mean,99.1236559139785,122.62947482248342,72.29840169886599
14,P0009,S003,same-weekday lag,122.40860215053763,161.41631208292307,83.86754074589572
14,P0009,S004,XGBoost,97.67419712517851,120.5283783885953,74.18475814201948
14,P0009,S004,7-day mean,106.44239631336406,130.14698397162437,78.87055805801796
14,P0009,S004,14-day mean,102.25038402457754,125.44770952601597,76.79052118067575
14,P0009,S004,same-weekday lag,122.76344086021506,156.7273161031708,97.63014528794413
14,P0009,S005,XGBoost,92.14644138787382,107.65865327431922,83.10750721471749
14,P0009,S005,7-day mean,86.41474654377882,107.30097907158773,79.59776324434338
14,P0009,S005,14-day mean,88.07757296466974,106.89242339821352,81.50523233708826
14,P0009,S005,same-weekday lag,131.03225806451613,165.46974514738272,106.86086080644634
14,P0010,S001,XGBoost,89.56902895691574,107.0473253813301,72.5072586840389
14,P0010,S001,7-day mean,93.16897081413212,117.2933571080687,73.14576734846882
14,P0010,S001,14-day mean,90.67204301075269,112.06554150849526,72.01335204248139
14,P0010,S001,same-weekday lag,125.43010752688173,162.5672069459076,91.10513862397302
14,P0010,S002,XGBoost,96.98616864604335,119.79336940045957,76.0145208454564
14,P0010,S002,7-day mean,98.9216589861751,124.328618757617,77.27179650304082
14,P0010,S002,14-day mean,95.42242703533026,118.84232560068985,75.01527930949068
14,P0010,S002,same-weekday lag,122.78494623655914,161.05649179212585,95.82586732328481
14,P0010,S003,XGBoost,97.19760968608242,120.36085642593083,72.85558796277121
14,P0010,S003,7-day mean,109.50537634408605,130.9594864710999,78.90517858615969
14,P0010,S003,14-day mean,107.22580645161293,130.03466140439994,77.54933519174759
14,P0010,S003,same-weekday lag,136.09677419354838,172.42685842227812,96.93869993894072
14,P0010,S004,XGBoost,80.24443054199219,95.86725462690632,71.37366469563014
14,P0010,S004,7-day mean,83.80184331797233,101.80377908522098,75.66616512239963
14,P0010,S004,14-day mean,78.79339477726576,97.84354099465887,71.62363051181656
14,P0010,S004,same-weekday lag,108.15053763440861,133.35021398517694,97.8575544955449
14,P0010,S005,XGBoost,87.08750554566743,104.84446026955871,72.08297753045973
14,P0010,S005,7-day mean,93.99539170506914,113.99331739149802,75.95933406436764
14,P0010,S005,14-day mean,91.62672811059909,111.20525793389426,74.62402367377625
14,P0010,S005,same-weekday lag,111.31182795698925,138.67181028508259,91.13245112883581
14,P0011,S001,XGBoost,99.28969057144657,121.81346571638643,77.15961893929399
14,P0011,S001,7-day mean,102.29493087557603,121.24482347573465,78.99713185872376
14,P0011,S001,14-day mean,104.63364055299539,122.32467647924351,79.04491237169697
14,P0011,S001,same-weekday lag,136.0752688172043,174.48760623947706,95.35403205388153
14,P0011,S002,XGBoost,86.38553151776713,104.66861805713083,70.93093081267344
14,P0011,S002,7-day mean,94.33794162826422,113.75913634342487,77.32277764476581
14,P0011,S002,14-day mean,91.62211981566823,108.36786590278861,74.96903729966952
14,P0011,S002,same-weekday lag,111.65591397849462,148.06675332720783,90.60517945305759
14,P0011,S003,XGBoost,91.95704979024907,109.37426960987386,71.84792755560363
14,P0011,S003,7-day mean,98.95084485407065,116.54268813049588,76.10285730501958
14,P0011,S003,14-day mean,95.70122887864827,113.30023098587534,73.57190556594433
14,P0011,S003,same-weekday lag,127.6236559139785,160.87018074759362,94.1259310837354
14,P0011,S004,XGBoost,98.89969134587113,122.39631466749182,69.54700026465869
14,P0011,S004,7-day mean,103.68509984639016,126.39400709537124,70.91203742261891
14,P0011,S004,14-day mean,103.9400921658986,125.06154771782315,71.11297846939763
14,P0011,S004,same-weekday lag,138.9784946236559,173.91256609331396,92.5443789179377
14,P0011,S005,XGBoost,87.83511565833963,108.04480193172351,73.79923838954291
14,P0011,S005,7-day mean,89.84178187403994,114.115025185155,74.37050836711762
14,P0011,S005,14-day mean,87.43471582181259,108.31439732548635,73.71047449050418
14,P0011,S005,same-weekday lag,129.93548387096774,161.76758849711536,100.64580984636231
14,P0012,S001,XGBoost,86.35436256982948,103.39987743827746,71.92017162960356
14,P0012,S001,7-day mean,88.98617511520737,109.01924583419145,75.08866866930117
14,P0012,S001,14-day mean,87.2119815668203,107.33264808409577,72.60865267877261
14,P0012,S001,same-weekday lag,117.24731182795699,151.36326737249505,93.1344648358234
14,P0012,S002,XGBoost,99.5323002312773,120.73542293330041,76.94078799681847
14,P0012,S002,7-day mean,107.44393241167434,132.79860131034755,78.66335322373864
14,P0012,S002,14-day mean,104.68049155145928,126.87844751286202,78.54178788339648
14,P0012,S002,same-weekday lag,147.88172043010752,183.17025982954084,102.54205715330005
14,P0012,S003,XGBoost,88.31453286447832,109.29086996385568,78.79766216271528
14,P0012,S003,7-day mean,89.54838709677418,116.94049059677245,80.58272493809288
14,P0012,S003,14-day mean,87.16129032258064,112.6841890629713,78.579601567756
14,P0012,S003,same-weekday lag,108.75268817204301,143.77371707106312,95.27997968661623
14,P0012,S004,XGBoost,78.29636112336189,94.68435214590734,64.7293095589275
14,P0012,S004,7-day mean,75.27035330261137,94.89573063515734,62.00785990192452
14,P0012,S004,14-day mean,76.05837173579108,95.39444347754312,62.7023678125458
14,P0012,S004,same-weekday lag,101.72043010752688,135.50788573649209,74.7868359358942
14,P0012,S005,XGBoost,92.8126704718477,113.68765368877867,75.35972617260732
14,P0012,S005,7-day mean,103.87403993855607,127.49854801309137,82.52788474661429
14,P0012,S005,14-day mean,91.65821812596009,114.00806206550277,75.34546096331883
14,P0012,S005,same-weekday lag,120.68817204301075,155.36277352650944,96.52857122721741
14,P0013,S001,XGBoost,76.85945523169732,98.2427517919077,65.41882411934404
14,P0013,S001,7-day mean,84.09062980030721,105.0441279520388,70.7733325007668
14,P0013,S001,14-day mean,77.3041474654378,99.97797595961057,66.54838134940451
14,P0013,S001,same-weekday lag,97.12903225806451,129.91200495819493,84.04214137618811
14,P0013,S002,XGBoost,85.27228308236727,105.02494109813573,70.95904576837974
14,P0013,S002,7-day mean,89.76344086021506,111.35777616335287,74.6298366305645
14,P0013,S002,14-day mean,87.3310291858679,109.28162723399889,72.13819828024917
14,P0013,S002,same-weekday lag,104.39784946236558,135.60541271272783,83.54719690342553
14,P0013,S003,XGBoost,82.61855143885458,101.63935181871435,65.88832802060553
14,P0013,S003,7-day mean,89.95698924731182,110.18899318843737,69.26097286549836
14,P0013,S003,14-day mean,84.14976958525345,105.63512859272848,65.91392639765354
14,P0013,S003,same-weekday lag,125.63440860215054,159.7683807387149,92.75972049860839
14,P0013,S004,XGBoost,91.02792571693338,106.5040817856278,81.45822149416274
14,P0013,S004,7-day mean,95.39016897081414,117.43665248523894,85.16929367583606
14,P0013,S004,14-day mean,92.12442396313365,112.33951174283033,82.8417361554211
14,P0013,S004,same-weekday lag,122.13978494623656,156.72326820130738,98.97429241105421
14,P0013,S005,XGBoost,88.04074211530788,105.25293620543519,68.36668490324232
14,P0013,S005,7-day mean,87.03072196620585,106.79132397967345,67.90230111716514
14,P0013,S005,14-day mean,87.47311827956989,106.6666616949198,67.94910034950425
14,P0013,S005,same-weekday lag,113.34408602150538,144.67795159394313,87.43075296639725
14,P0014,S001,XGBoost,99.30083408150621,120.4794589772799,75.1586534100232
14,P0014,S001,7-day mean,101.04147465437786,126.24787959076005,75.10852724658848
14,P0014,S001,14-day mean,100.79569892473118,125.19395266748052,74.87543818672385
14,P0014,S001,same-weekday lag,117.6774193548387,153.7429778097408,87.17712312698195
14,P0014,S002,XGBoost,87.13178277784779,102.09684345450577,70.02749151166401
14,P0014,S002,7-day mean,97.42857142857144,117.13020050767325,76.88738887224478
14,P0014,S002,14-day mean,93.92780337941628,110.73272280952878,74.96288639559549
14,P0014,S002,same-weekday lag,117.3010752688172,136.94418453304016,98.06508963656866
14,P0014,S003,XGBoost,93.71841627551663,118.0396216476964,72.10271194216116
14,P0014,S003,7-day mean,95.51305683563744,122.1195978608613,71.3345846854998
14,P0014,S003,14-day mean,95.52457757296465,119.76901068540965,72.39568788265656
14,P0014,S003,same-weekday lag,126.38709677419355,157.3131251829888,94.82030394845539
14,P0014,S004,XGBoost,86.66152018885458,103.98366611544417,73.2935287929294
14,P0014,S004,7-day mean,88.50230414746544,106.6873317018755,74.3375991998557
14,P0014,S004,14-day mean,88.96697388632872,106.5264235884072,74.22783870521799
14,P0014,S004,same-weekday lag,107.65591397849462,139.74077383129,88.83307549295753
14,P0014,S005,XGBoost,91.07666589880502,108.72282082818775,73.38207612349052
14,P0014,S005,7-day mean,96.33640552995391,121.02394951931034,74.91405640807707
14,P0014,S005,14-day mean,95.68509984639016,118.81316806222004,74.96415364671134
14,P0014,S005,same-weekday lag,134.25806451612902,171.73967546560772,95.3660416958989
14,P0015,S001,XGBoost,86.29866060646631,101.85747600153995,71.92975810101592
14,P0015,S001,7-day mean,81.61443932411674,101.0597967068187,68.80468454241064
14,P0015,S001,14-day mean,87.636712749616,104.63633612370523,72.12219577756828
14,P0015,S001,same-weekday lag,131.76344086021504,159.5627762665606,107.00559601515118
14,P0015,S002,XGBoost,85.46985864126555,104.71908840573103,73.76825682050769
14,P0015,S002,7-day mean,81.80337941628265,104.46927850528787,71.5092561588706
14,P0015,S002,14-day mean,83.14900153609831,104.27497998329076,72.4430597580877
14,P0015,S002,same-weekday lag,120.72043010752688,148.60769600470883,102.51315998162616
14,P0015,S003,XGBoost,88.95471962549354,107.6743581327906,69.09343585048259
14,P0015,S003,7-day mean,89.32565284178189,110.84433766922398,67.62080199612544
14,P0015,S003,14-day mean,90.99462365591395,109.19497226704289,69.32448808861993
14,P0015,S003,same-weekday lag,125.72043010752688,161.26395913572577,90.09090710266688
14,P0015,S004,XGBoost,82.16053017236854,96.10051557943969,62.76762357610038
14,P0015,S004,7-day mean,85.67588325652841,100.76376642907196,63.9532982556821
14,P0015,S004,14-day mean,82.77496159754223,96.63769467014852,62.68989580953166
14,P0015,S004,same-weekday lag,124.53763440860214,153.3621057623785,85.32641999586652
14,P0015,S005,XGBoost,89.9394290062689,108.05090951350655,71.5430598672013
14,P0015,S005,7-day mean,88.07219662058372,109.07044046442151,70.531129324652
14,P0015,S005,14-day mean,89.9815668202765,109.29865037942645,71.18827971506512
14,P0015,S005,same-weekday lag,133.04301075268816,163.74137094558537,91.43579065893388
14,P0016,S001,XGBoost,91.5306877218267,115.96220931073373,69.10575294003799
14,P0016,S001,7-day mean,103.51459293394778,131.9452859387447,74.56731148597233
14,P0016,S001,14-day mean,101.95468509984636,128.82083358215553,73.54639593792784
14,P0016,S001,same-weekday lag,130.03225806451613,163.73940087177996,92.70704152113451
14,P0016,S002,XGBoost,86.96946896788894,109.72782466890204,63.79310176173845
14,P0016,S002,7-day mean,93.99692780337942,118.57872203800638,66.99423104194446
14,P0016,S002,14-day mean,92.12442396313365,116.33957706272838,66.4616021144765
14,P0016,S002,same-weekday lag,118.17204301075269,150.72769722143778,91.36214010133207
14,P0016,S003,XGBoost,89.91849099436114,107.8272124989014,72.48104842358552
14,P0016,S003,7-day mean,100.18586789554533,119.61427932075561,77.65658981750832
14,P0016,S003,14-day mean,93.60599078341014,111.6300688588227,74.83046031912193
14,P0016,S003,same-weekday lag,123.16129032258064,152.4728778984107,96.4374949018896
14,P0016,S004,XGBoost,79.241941718645,95.25196973991608,66.78466912485322
14,P0016,S004,7-day mean,79.6574500768049,97.44716838067413,66.78469144738922
14,P0016,S004,14-day mean,83.22734254992318,98.78620660232991,68.91185317703294
14,P0016,S004,same-weekday lag,112.18279569892474,140.84441961836617,89.66384982784878
14,P0016,S005,XGBoost,88.22469616961736,109.45633695222973,69.78690536323036
14,P0016,S005,7-day mean,94.5345622119816,119.30238668588683,71.39632792354817
14,P0016,S005,14-day mean,89.16436251920125,111.54146866502539,69.1622151558817
14,P0016,S005,same-weekday lag,127.83870967741936,162.8136014502606,94.82705213773265
14,P0017,S001,XGBoost,86.67012122369582,108.51686715710565,65.44197313228369
14,P0017,S001,7-day mean,90.2073732718894,109.14722709421807,67.15845991567092
14,P0017,S001,14-day mean,89.49001536098311,107.90060619072783,66.62145668133593
14,P0017,S001,same-weekday lag,127.96774193548387,161.45790756100644,89.04486180500506
14,P0017,S002,XGBoost,91.68039432648689,110.34439837919831,77.82403432142793
14,P0017,S002,7-day mean,95.50230414746544,114.826724464759,81.83197821640582
14,P0017,S002,14-day mean,89.91090629800308,111.4232796411736,77.60377171238953
14,P0017,S002,same-weekday lag,117.26881720430107,146.0500724269385,105.30933293736635
14,P0017,S003,XGBoost,91.36196686119162,115.68939005786508,65.97761310063886
14,P0017,S003,7-day mean,95.826420890937,119.31921308192305,67.15636508188109
14,P0017,S003,14-day mean,95.34562211981566,115.50732948329521,66.39056913012446
14,P0017,S003,same-weekday lag,138.34408602150538,166.24984436891415,90.55468940158919
14,P0017,S004,XGBoost,99.56375417401713,118.97602834120283,74.22899840282034
14,P0017,S004,7-day mean,104.19969278033795,124.34193689232069,76.08058728317049
14,P0017,S004,14-day mean,100.27035330261134,120.32521261875651,73.96206914398272
14,P0017,S004,same-weekday lag,128.50537634408602,161.89765119471497,94.13273748137327
14,P0017,S005,XGBoost,84.14838302776377,105.57218572043229,64.67629986830357
14,P0017,S005,7-day mean,87.27649769585254,109.4905863588598,66.13916452606601
14,P0017,S005,14-day mean,85.35944700460831,108.86539100956945,64.73042155687256
14,P0017,S005,same-weekday lag,120.59139784946237,153.7909836975714,90.16431825356793
14,P0018,S001,XGBoost,86.59742753223706,109.2776224031133,69.88022818447743
14,P0018,S001,7-day mean,92.22887864823348,111.60998171504725,72.2968770940601
14,P0018,S001,14-day mean,89.67895545314902,108.68685048372274,70.41903155076868
14,P0018,S001,same-weekday lag,124.05376344086021,159.42831334732924,90.81443297899318
14,P0018,S002,XGBoost,94.59732186922463,120.33455320319227,72.44930317743508
14,P0018,S002,7-day mean,101.25038402457758,125.92529770174365,75.885564717116
14,P0018,S002,14-day mean,95.37788018433181,121.09242847661746,72.83075646135629
14,P0018,S002,same-weekday lag,125.40860215053763,163.45184421212286,95.12049642787316
14,P0018,S003,XGBoost,81.30639123403898,104.98510926244776,65.13458125745592
14,P0018,S003,7-day mean,86.78187403993856,111.41112057608268,66.95161408445863
14,P0018,S003,14-day mean,83.08448540706605,106.25532606150267,65.64189027462407
14,P0018,S003,same-weekday lag,104.86021505376344,136.54500223153025,82.09026347194741
14,P0018,S004,XGBoost,90.55614381195396,106.85286159387587,76.77665225225437
14,P0018,S004,7-day mean,98.42549923195085,115.62592347904439,81.52046368643077
14,P0018,S004,14-day mean,96.77572964669739,112.83072713855034,80.0495273419773
14,P0018,S004,same-weekday lag,108.48387096774194,141.25843775349895,88.70207462062224
14,P0018,S005,XGBoost,88.91647027128487,104.95287766861917,78.11568722211287
14,P0018,S005,7-day mean,89.30414746543778,105.85321443566951,80.32945950900954
14,P0018,S005,14-day mean,89.26036866359448,104.94699201179563,78.87766263264922
14,P0018,S005,same-weekday lag,131.20430107526883,161.1149325958843,105.13808154275894
14,P0019,S001,XGBoost,85.44035076838668,101.30758298612263,75.29128195431419
14,P0019,S001,7-day mean,85.43471582181259,104.06311701989952,76.81754892605794
14,P0019,S001,14-day mean,85.7726574500768,102.87303544655495,76.42780897524946
14,P0019,S001,same-weekday lag,105.73118279569893,135.62253912340518,92.25109995859023
14,P0019,S002,XGBoost,82.15188828335013,99.69064059809041,70.71226098617728
14,P0019,S002,7-day mean,90.43010752688173,110.45889278745551,76.82857406457005
14,P0019,S002,14-day mean,84.605222734255,105.46954690183257,72.64802072782737
14,P0019,S002,same-weekday lag,110.34408602150538,143.53127117966878,89.73221707261916
14,P0019,S003,XGBoost,92.10426872007308,120.71210184373447,67.56445069910522
14,P0019,S003,7-day mean,94.01382488479263,122.17851816353145,67.7171324049358
14,P0019,S003,14-day mean,93.24193548387099,120.20467079644429,67.32515434312883
14,P0019,S003,same-weekday lag,138.67741935483872,175.00399381003385,94.45161010695756
14,P0019,S004,XGBoost,89.94689596852949,108.09330531453547,71.93327900654683
14,P0019,S004,7-day mean,95.02611367127496,116.14199650894234,73.70508934912684
14,P0019,S004,14-day mean,92.18433179723502,112.50607278857287,71.8149001870716
14,P0019,S004,same-weekday lag,124.93548387096774,157.74959741270646,92.80149844565281
14,P0019,S005,XGBoost,88.79159644342238,110.33044705375306,67.93371109999093
14,P0019,S005,7-day mean,94.93241167434715,114.98959604119756,71.14537123021213
14,P0019,S005,14-day mean,92.74423963133641,112.44365009153428,70.0866261291203
14,P0019,S005,same-weekday lag,122.46236559139786,155.71641580301556,88.40306686960643
14,P0020,S001,XGBoost,84.25368245442708,99.40106186873714,74.06339981097851
14,P0020,S001,7-day mean,83.7557603686636,104.14953021212217,74.33757156538904
14,P0020,S001,14-day mean,82.08832565284179,101.83877022917477,73.20103321497234
14,P0020,S001,same-weekday lag,103.34408602150538,139.01980210151387,89.11957337703758
14,P0020,S002,XGBoost,90.64785471270162,111.37888327320185,70.11559901477345
14,P0020,S002,7-day mean,92.77726574500767,117.95937566661898,69.92286906564674
14,P0020,S002,14-day mean,91.40322580645163,115.20692877794437,69.61138098368978
14,P0020,S002,same-weekday lag,114.03225806451613,153.13164622398864,83.76832627698185
14,P0020,S003,XGBoost,84.60726600564936,102.16594470617385,63.78810174958398
14,P0020,S003,7-day mean,91.01228878648236,110.05553987185075,66.52092987723874
14,P0020,S003,14-day mean,88.00768049155145,104.22606768036658,65.02836737316024
14,P0020,S003,same-weekday lag,114.54838709677419,145.91870619356624,81.42071302147225
14,P0020,S004,XGBoost,90.62482427781627,119.32017387503228,64.18813404615318
14,P0020,S004,7-day mean,103.17818740399385,127.62051062966809,71.00778197425561
14,P0020,S004,14-day mean,101.20430107526883,125.02756158728597,69.16199575380453
14,P0020,S004,same-weekday lag,124.80645161290323,160.24641642949342,83.70919586946121
14,P0020,S005,XGBoost,100.47940752583165,124.50326258306406,79.12881611437687
14,P0020,S005,7-day mean,107.81413210445469,133.06994255498336,81.66955701906208
14,P0020,S005,14-day mean,103.60215053763442,130.79085331867805,79.24188688765118
14,P0020,S005,same-weekday lag,141.86021505376345,184.2277984464617,101.02542553355909
