Horizon,Actual sales band,Rows,MAE,RMSE,sMAPE_pct
7,0,33,136.27302181359494,136.27333757171556,200.0
7,1-50,2340,111.02508091722798,111.94977427480144,140.06952401085647
7,51-100,1995,62.35269557407924,63.952863658780814,60.47895187867193
7,101-200,2542,25.302624352047708,30.280290577706815,17.49809159886539
7,201+,2390,154.97763138775048,169.09419586366118,69.47661915235848
14,0,33,136.27717821525806,136.28908941784056,200.0
14,1-50,2340,111.05092546511919,111.98122906200274,140.07890104453006
14,51-100,1995,62.35564742697809,63.97869508497202,60.473263157379364
14,101-200,2542,25.29731945575081,30.289826357242937,17.49574434996268
14,201+,2390,154.9521858438787,169.09311337668515,69.46255005592252
